t,y
0,0
0.0048757,0.0012333
0.0097513,0.0025366
0.014627,0.0038961
0.019503,0.0052971
0.024378,0.0067245
0.029254,0.0081627
0.03413,0.0095961
0.039005,0.011009
0.043881,0.012386
0.048757,0.013712
0.053632,0.014972
0.058508,0.016154
0.063384,0.017245
0.068259,0.018232
0.073135,0.019107
0.078011,0.01986
0.082886,0.020484
0.087762,0.020973
0.092638,0.021323
0.097513,0.021532
0.10239,0.021598
0.10726,0.021523
0.11214,0.02131
0.11702,0.020962
0.12189,0.020486
0.12677,0.019888
0.13164,0.019177
0.13652,0.018362
0.14139,0.017456
0.14627,0.01647
0.15115,0.015417
0.15602,0.01431
0.1609,0.013164
0.16577,0.011993
0.17065,0.01081
0.17552,0.0096324
0.1804,0.0084726
0.18528,0.0073453
0.19015,0.0062638
0.19503,0.005241
0.1999,0.0042889
0.20478,0.0034186
0.20965,0.0026399
0.21453,0.0019616
0.21941,0.0013912
0.22428,0.00093479
0.22916,0.00059694
0.23403,0.00038085
0.23891,0.0002882
0.24378,0.00031913
0.24866,0.00047232
0.25353,0.00074495
0.25841,0.0011328
0.26329,0.0016303
0.26816,0.0022305
0.27304,0.0029254
0.27791,0.003706
0.28279,0.004562
0.28766,0.0054826
0.29254,0.0064563
0.29742,0.0074707
0.30229,0.0085135
0.30717,0.0095719
0.31204,0.010633
0.31692,0.011684
0.32179,0.012712
0.32667,0.013706
0.33155,0.014653
0.33642,0.015543
0.3413,0.016366
0.34617,0.017111
0.35105,0.017771
0.35592,0.01834
0.3608,0.018809
0.36568,0.019176
0.37055,0.019437
0.37543,0.019588
0.3803,0.01963
0.38518,0.019564
0.39005,0.019389
0.39493,0.019111
0.3998,0.018733
0.40468,0.018261
0.40956,0.017702
0.41443,0.017062
0.41931,0.01635
0.42418,0.015576
0.42906,0.01475
0.43393,0.013882
0.43881,0.012983
0.44369,0.012064
0.44856,0.011137
0.45344,0.010213
0.45831,0.0093032
0.46319,0.0084183
0.46806,0.0075691
0.47294,0.0067656
0.47782,0.0060171
0.48269,0.0053323
0.48757,0.004719
0.49244,0.0041841
0.49732,0.0037334
0.50219,0.0033718
0.50707,0.0031028
0.51195,0.0029291
0.51682,0.0028519
0.5217,0.0028715
0.52657,0.0029868
0.53145,0.0031957
0.53632,0.0034949
0.5412,0.0038802
0.54608,0.0043461
0.55095,0.0048865
0.55583,0.0054942
0.5607,0.0061614
0.56558,0.0068796
0.57045,0.0076398
0.57533,0.0084323
0.5802,0.0092476
0.58508,0.010076
0.58996,0.010906
0.59483,0.011729
0.59971,0.012536
0.60458,0.013315
0.60946,0.014059
0.61433,0.014758
0.61921,0.015405
0.62409,0.015992
0.62896,0.016513
0.63384,0.016962
0.63871,0.017335
0.64359,0.017627
0.64846,0.017836
0.65334,0.01796
0.65822,0.017999
0.66309,0.017952
0.66797,0.017821
0.67284,0.017609
0.67772,0.017319
0.68259,0.016955
0.68747,0.016522
0.69235,0.016026
0.69722,0.015474
0.7021,0.014873
0.70697,0.014231
0.71185,0.013555
0.71672,0.012855
0.7216,0.012139
0.72647,0.011415
0.73135,0.010694
0.73623,0.0099834
0.7411,0.009292
0.74598,0.008628
0.75085,0.0079993
0.75573,0.0074134
0.7606,0.0068769
0.76548,0.006396
0.77036,0.0059761
0.77523,0.0056218
0.78011,0.005337
0.78498,0.0051245
0.78986,0.0049863
0.79473,0.0049236
0.79961,0.0049366
0.80449,0.0050244
0.80936,0.0051855
0.81424,0.0054174
0.81911,0.0057167
0.82399,0.0060793
0.82886,0.0065003
0.83374,0.0069743
0.83862,0.0074951
0.84349,0.0080561
0.84837,0.0086502
0.85324,0.0092701
0.85812,0.0099081
0.86299,0.010556
0.86787,0.011207
0.87275,0.011853
0.87762,0.012485
0.8825,0.013097
0.88737,0.013681
0.89225,0.014231
0.89712,0.014741
0.902,0.015204
0.90687,0.015615
0.91175,0.01597
0.91663,0.016266
0.9215,0.016499
0.92638,0.016667
0.93125,0.016769
0.93613,0.016804
0.941,0.016773
0.94588,0.016675
0.95076,0.016514
0.95563,0.016292
0.96051,0.016012
0.96538,0.015677
0.97026,0.015294
0.97513,0.014865
0.98001,0.014399
0.98489,0.0139
0.98976,0.013374
0.99464,0.012829
0.99951,0.012271
1.0044,0.011707
1.0093,0.011145
1.0141,0.01059
1.019,0.01005
1.0239,0.0095316
1.0288,0.0090401
1.0336,0.0085818
1.0385,0.0081618
1.0434,0.0077851
1.0483,0.0074559
1.0531,0.0071778
1.058,0.0069538
1.0629,0.0067863
1.0678,0.0066769
1.0726,0.0066264
1.0775,0.006635
1.0824,0.0067022
1.0873,0.0068268
1.0922,0.0070068
1.097,0.0072397
1.1019,0.0075222
1.1068,0.0078506
1.1117,0.0082206
1.1165,0.0086274
1.1214,0.009066
1.1263,0.0095307
1.1312,0.010016
1.136,0.010516
1.1409,0.011024
1.1458,0.011534
1.1507,0.01204
1.1555,0.012537
1.1604,0.013017
1.1653,0.013477
1.1702,0.01391
1.175,0.014311
1.1799,0.014676
1.1848,0.015002
1.1897,0.015283
1.1945,0.015518
1.1994,0.015705
1.2043,0.01584
1.2092,0.015924
1.214,0.015955
1.2189,0.015935
1.2238,0.015863
1.2287,0.015741
1.2335,0.015571
1.2384,0.015355
1.2433,0.015098
1.2482,0.014801
1.253,0.01447
1.2579,0.014108
1.2628,0.01372
1.2677,0.013312
1.2725,0.012888
1.2774,0.012454
1.2823,0.012015
1.2872,0.011577
1.2921,0.011144
1.2969,0.010723
1.3018,0.010318
1.3067,0.0099342
1.3116,0.009576
1.3164,0.0092477
1.3213,0.008953
1.3262,0.0086952
1.3311,0.0084773
1.3359,0.0083016
1.3408,0.0081699
1.3457,0.0080836
1.3506,0.0080433
1.3554,0.0080493
1.3603,0.0081011
1.3652,0.0081978
1.3701,0.0083379
1.3749,0.0085194
1.3798,0.0087399
1.3847,0.0089964
1.3896,0.0092856
1.3944,0.0096038
1.3993,0.009947
1.4042,0.010311
1.4091,0.010691
1.4139,0.011083
1.4188,0.011481
1.4237,0.011881
1.4286,0.012279
1.4334,0.012669
1.4383,0.013047
1.4432,0.013409
1.4481,0.01375
1.4529,0.014067
1.4578,0.014355
1.4627,0.014613
1.4676,0.014836
1.4725,0.015023
1.4773,0.015172
1.4822,0.015282
1.4871,0.015351
1.492,0.015379
1.4968,0.015367
1.5017,0.015314
1.5066,0.015222
1.5115,0.015093
1.5163,0.014928
1.5212,0.014729
1.5261,0.014501
1.531,0.014244
1.5358,0.013964
1.5407,0.013664
1.5456,0.013347
1.5505,0.013018
1.5553,0.01268
1.5602,0.012339
1.5651,0.011997
1.57,0.011661
1.5748,0.011332
1.5797,0.011017
1.5846,0.010717
1.5895,0.010438
1.5943,0.010182
1.5992,0.0099513
1.6041,0.0097499
1.609,0.0095796
1.6138,0.0094421
1.6187,0.009339
1.6236,0.0092713
1.6285,0.0092396
1.6333,0.009244
1.6382,0.0092843
1.6431,0.0093597
1.648,0.0094691
1.6529,0.009611
1.6577,0.0097835
1.6626,0.0099842
1.6675,0.010211
1.6724,0.01046
1.6772,0.010729
1.6821,0.011014
1.687,0.011312
1.6919,0.01162
1.6967,0.011933
1.7016,0.012247
1.7065,0.01256
1.7114,0.012867
1.7162,0.013164
1.7211,0.013449
1.726,0.013718
1.7309,0.013969
1.7357,0.014197
1.7406,0.014401
1.7455,0.014579
1.7504,0.014728
1.7552,0.014848
1.7601,0.014936
1.765,0.014994
1.7699,0.015019
1.7747,0.015012
1.7796,0.014974
1.7845,0.014906
1.7894,0.014808
1.7942,0.014682
1.7991,0.014529
1.804,0.014353
1.8089,0.014156
1.8137,0.013939
1.8186,0.013707
1.8235,0.013461
1.8284,0.013206
1.8333,0.012944
1.8381,0.012679
1.843,0.012413
1.8479,0.012152
1.8528,0.011896
1.8576,0.011651
1.8625,0.011417
1.8674,0.0112
1.8723,0.011
1.8771,0.010821
1.882,0.010664
1.8869,0.010531
1.8918,0.010424
1.8966,0.010343
1.9015,0.010291
1.9064,0.010266
1.9113,0.01027
1.9161,0.010302
1.921,0.010361
1.9259,0.010447
1.9308,0.010558
1.9356,0.010693
1.9405,0.010851
1.9454,0.011028
1.9503,0.011224
1.9551,0.011435
1.96,0.011659
1.9649,0.011893
1.9698,0.012135
1.9746,0.012381
1.9795,0.012629
1.9844,0.012875
1.9893,0.013117
1.9941,0.013351
1.999,0.013576
2.0039,0.013789
2.0088,0.013987
2.0137,0.014168
2.0185,0.01433
2.0234,0.014472
2.0283,0.014591
2.0332,0.014688
2.038,0.01476
2.0429,0.014808
2.0478,0.01483
2.0527,0.014828
2.0575,0.014801
2.0624,0.01475
2.0673,0.014677
2.0722,0.014581
2.077,0.014464
2.0819,0.014329
2.0868,0.014177
2.0917,0.014011
2.0965,0.013831
2.1014,0.013641
2.1063,0.013444
2.1112,0.013241
2.116,0.013035
2.1209,0.012829
2.1258,0.012626
2.1307,0.012428
2.1355,0.012237
2.1404,0.012056
2.1453,0.011887
2.1502,0.011732
2.155,0.011592
2.1599,0.011471
2.1648,0.011367
2.1697,0.011284
2.1745,0.011222
2.1794,0.011181
2.1843,0.011163
2.1892,0.011166
2.1941,0.011192
2.1989,0.011239
2.2038,0.011306
2.2087,0.011394
2.2136,0.011501
2.2184,0.011625
2.2233,0.011764
2.2282,0.011918
2.2331,0.012084
2.2379,0.012261
2.2428,0.012445
2.2477,0.012636
2.2526,0.012829
2.2574,0.013025
2.2623,0.013219
2.2672,0.01341
2.2721,0.013595
2.2769,0.013773
2.2818,0.013942
2.2867,0.014099
2.2916,0.014243
2.2964,0.014372
2.3013,0.014485
2.3062,0.014581
2.3111,0.014659
2.3159,0.014719
2.3208,0.014758
2.3257,0.014779
2.3306,0.01478
2.3354,0.014761
2.3403,0.014724
2.3452,0.014669
2.3501,0.014597
2.3549,0.014508
2.3598,0.014405
2.3647,0.014289
2.3696,0.014161
2.3745,0.014023
2.3793,0.013876
2.3842,0.013724
2.3891,0.013567
2.394,0.013408
2.3988,0.013249
2.4037,0.013092
2.4086,0.012938
2.4135,0.012791
2.4183,0.01265
2.4232,0.012519
2.4281,0.012399
2.433,0.012291
2.4378,0.012197
2.4427,0.012117
2.4476,0.012053
2.4525,0.012006
2.4573,0.011975
2.4622,0.011961
2.4671,0.011965
2.472,0.011985
2.4768,0.012023
2.4817,0.012077
2.4866,0.012146
2.4915,0.012231
2.4963,0.012329
2.5012,0.012439
2.5061,0.012561
2.511,0.012692
2.5158,0.012831
2.5207,0.012977
2.5256,0.013127
2.5305,0.01328
2.5353,0.013434
2.5402,0.013588
2.5451,0.013739
2.55,0.013886
2.5549,0.014028
2.5597,0.014161
2.5646,0.014286
2.5695,0.014401
2.5744,0.014505
2.5792,0.014596
2.5841,0.014673
2.589,0.014736
2.5939,0.014785
2.5987,0.014819
2.6036,0.014837
2.6085,0.014841
2.6134,0.014829
2.6182,0.014802
2.6231,0.014762
2.628,0.014708
2.6329,0.014641
2.6377,0.014563
2.6426,0.014474
2.6475,0.014376
2.6524,0.01427
2.6572,0.014158
2.6621,0.01404
2.667,0.01392
2.6719,0.013797
2.6767,0.013675
2.6816,0.013554
2.6865,0.013435
2.6914,0.013321
2.6962,0.013213
2.7011,0.013112
2.706,0.01302
2.7109,0.012936
2.7157,0.012864
2.7206,0.012803
2.7255,0.012754
2.7304,0.012718
2.7353,0.012695
2.7401,0.012685
2.745,0.012689
2.7499,0.012706
2.7548,0.012737
2.7596,0.01278
2.7645,0.012836
2.7694,0.012903
2.7743,0.012981
2.7791,0.013068
2.784,0.013165
2.7889,0.013269
2.7938,0.013379
2.7986,0.013495
2.8035,0.013614
2.8084,0.013735
2.8133,0.013858
2.8181,0.01398
2.823,0.0141
2.8279,0.014217
2.8328,0.014329
2.8376,0.014436
2.8425,0.014536
2.8474,0.014628
2.8523,0.014711
2.8571,0.014784
2.862,0.014847
2.8669,0.014899
2.8718,0.01494
2.8766,0.014968
2.8815,0.014985
2.8864,0.01499
2.8913,0.014983
2.8961,0.014965
2.901,0.014936
2.9059,0.014896
2.9108,0.014846
2.9157,0.014787
2.9205,0.01472
2.9254,0.014645
2.9303,0.014565
2.9352,0.014479
2.94,0.014389
2.9449,0.014297
2.9498,0.014203
2.9547,0.014109
2.9595,0.014016
2.9644,0.013925
2.9693,0.013838
2.9742,0.013755
2.979,0.013677
2.9839,0.013607
2.9888,0.013543
2.9937,0.013488
2.9985,0.013441
3.0034,0.013405
3.0083,0.013378
3.0132,0.013361
3.018,0.013355
3.0229,0.013359
3.0278,0.013374
3.0327,0.013399
3.0375,0.013434
3.0424,0.013479
3.0473,0.013533
3.0522,0.013595
3.057,0.013665
3.0619,0.013742
3.0668,0.013825
3.0717,0.013913
3.0765,0.014005
3.0814,0.0141
3.0863,0.014196
3.0912,0.014294
3.0961,0.014391
3.1009,0.014487
3.1058,0.01458
3.1107,0.01467
3.1156,0.014756
3.1204,0.014836
3.1253,0.01491
3.1302,0.014977
3.1351,0.015037
3.1399,0.015089
3.1448,0.015132
3.1497,0.015166
3.1546,0.01519
3.1594,0.015206
3.1643,0.015212
3.1692,0.015209
3.1741,0.015197
3.1789,0.015176
3.1838,0.015147
3.1887,0.015111
3.1936,0.015067
3.1984,0.015017
3.2033,0.014961
3.2082,0.0149
3.2131,0.014835
3.2179,0.014767
3.2228,0.014696
3.2277,0.014625
3.2326,0.014553
3.2374,0.014483
3.2423,0.014413
3.2472,0.014347
3.2521,0.014283
3.2569,0.014225
3.2618,0.014171
3.2667,0.014123
3.2716,0.014081
3.2765,0.014046
3.2813,0.014019
3.2862,0.014
3.2911,0.013988
3.296,0.013985
3.3008,0.01399
3.3057,0.014003
3.3106,0.014024
3.3155,0.014053
3.3203,0.014089
3.3252,0.014133
3.3301,0.014183
3.335,0.01424
3.3398,0.014302
3.3447,0.014368
3.3496,0.014438
3.3545,0.014512
3.3593,0.014588
3.3642,0.014665
3.3691,0.014744
3.374,0.014822
3.3788,0.014899
3.3837,0.014974
3.3886,0.015046
3.3935,0.015115
3.3983,0.01518
3.4032,0.01524
3.4081,0.015295
3.413,0.015343
3.4178,0.015386
3.4227,0.015422
3.4276,0.015451
3.4325,0.015472
3.4373,0.015487
3.4422,0.015494
3.4471,0.015494
3.452,0.015487
3.4569,0.015473
3.4617,0.015453
3.4666,0.015426
3.4715,0.015394
3.4764,0.015357
3.4812,0.015315
3.4861,0.01527
3.491,0.015221
3.4959,0.01517
3.5007,0.015117
3.5056,0.015063
3.5105,0.015009
3.5154,0.014956
3.5202,0.014903
3.5251,0.014853
3.53,0.014805
3.5349,0.014761
3.5397,0.014721
3.5446,0.014685
3.5495,0.014654
3.5544,0.014629
3.5592,0.014609
3.5641,0.014595
3.569,0.014588
3.5739,0.014587
3.5787,0.014593
3.5836,0.014604
3.5885,0.014623
3.5934,0.014647
3.5982,0.014677
3.6031,0.014713
3.608,0.014754
3.6129,0.0148
3.6177,0.01485
3.6226,0.014904
3.6275,0.014961
3.6324,0.01502
3.6373,0.015081
3.6421,0.015144
3.647,0.015207
3.6519,0.01527
3.6568,0.015332
3.6616,0.015393
3.6665,0.015451
3.6714,0.015507
3.6763,0.01556
3.6811,0.015609
3.686,0.015654
3.6909,0.015695
3.6958,0.01573
3.7006,0.01576
3.7055,0.015785
3.7104,0.015805
3.7153,0.015818
3.7201,0.015826
3.725,0.015828
3.7299,0.015825
3.7348,0.015816
3.7396,0.015803
3.7445,0.015784
3.7494,0.015761
3.7543,0.015734
3.7591,0.015704
3.764,0.015671
3.7689,0.015635
3.7738,0.015597
3.7786,0.015558
3.7835,0.015517
3.7884,0.015477
3.7933,0.015437
3.7981,0.015398
3.803,0.015361
3.8079,0.015326
3.8128,0.015293
3.8176,0.015263
3.8225,0.015237
3.8274,0.015215
3.8323,0.015197
3.8372,0.015183
3.842,0.015174
3.8469,0.01517
3.8518,0.015171
3.8567,0.015177
3.8615,0.015188
3.8664,0.015204
3.8713,0.015225
3.8762,0.015251
3.881,0.015281
3.8859,0.015314
3.8908,0.015352
3.8957,0.015393
3.9005,0.015437
3.9054,0.015483
3.9103,0.015532
3.9152,0.015582
3.92,0.015632
3.9249,0.015684
3.9298,0.015735
3.9347,0.015786
3.9395,0.015835
3.9444,0.015883
3.9493,0.015929
3.9542,0.015973
3.959,0.016013
3.9639,0.016051
3.9688,0.016085
3.9737,0.016115
3.9785,0.01614
3.9834,0.016162
3.9883,0.016179
3.9932,0.016192
3.998,0.016201
4.0029,0.016205
4.0078,0.016204
4.0127,0.0162
4.0176,0.016192
4.0224,0.016179
4.0273,0.016164
4.0322,0.016145
4.0371,0.016123
4.0419,0.016099
4.0468,0.016073
4.0517,0.016046
4.0566,0.016017
4.0614,0.015988
4.0663,0.015959
4.0712,0.01593
4.0761,0.015901
4.0809,0.015874
4.0858,0.015849
4.0907,0.015825
4.0956,0.015804
4.1004,0.015785
4.1053,0.01577
4.1102,0.015757
4.1151,0.015749
4.1199,0.015744
4.1248,0.015742
4.1297,0.015745
4.1346,0.015752
4.1394,0.015762
4.1443,0.015777
4.1492,0.015795
4.1541,0.015817
4.1589,0.015842
4.1638,0.01587
4.1687,0.015902
4.1736,0.015936
4.1784,0.015972
4.1833,0.01601
4.1882,0.01605
4.1931,0.016091
4.198,0.016133
4.2028,0.016175
4.2077,0.016217
4.2126,0.016259
4.2175,0.0163
4.2223,0.01634
4.2272,0.016378
4.2321,0.016414
4.237,0.016448
4.2418,0.016479
4.2467,0.016508
4.2516,0.016534
4.2565,0.016556
4.2613,0.016575
4.2662,0.016591
4.2711,0.016604
4.276,0.016613
4.2808,0.016618
4.2857,0.01662
4.2906,0.016619
4.2955,0.016614
4.3003,0.016607
4.3052,0.016597
4.3101,0.016585
4.315,0.01657
4.3198,0.016554
4.3247,0.016536
4.3296,0.016516
4.3345,0.016496
4.3393,0.016475
4.3442,0.016455
4.3491,0.016434
4.354,0.016414
4.3588,0.016395
4.3637,0.016377
4.3686,0.01636
4.3735,0.016346
4.3784,0.016333
4.3832,0.016323
4.3881,0.016316
4.393,0.016311
4.3979,0.016309
4.4027,0.01631
4.4076,0.016314
4.4125,0.016321
4.4174,0.016331
4.4222,0.016345
4.4271,0.016361
4.432,0.01638
4.4369,0.016402
4.4417,0.016426
4.4466,0.016452
4.4515,0.016481
4.4564,0.016512
4.4612,0.016544
4.4661,0.016577
4.471,0.016611
4.4759,0.016646
4.4807,0.016681
4.4856,0.016716
4.4905,0.016751
4.4954,0.016785
4.5002,0.016818
4.5051,0.01685
4.51,0.016881
4.5149,0.01691
4.5197,0.016937
4.5246,0.016961
4.5295,0.016984
4.5344,0.017004
4.5392,0.017021
4.5441,0.017036
4.549,0.017048
4.5539,0.017057
4.5588,0.017063
4.5636,0.017067
4.5685,0.017069
4.5734,0.017068
4.5783,0.017064
4.5831,0.017059
4.588,0.017051
4.5929,0.017042
4.5978,0.017032
4.6026,0.01702
4.6075,0.017007
4.6124,0.016993
4.6173,0.016979
4.6221,0.016965
4.627,0.016951
4.6319,0.016938
4.6368,0.016925
4.6416,0.016913
4.6465,0.016902
4.6514,0.016893
4.6563,0.016885
4.6611,0.01688
4.666,0.016876
4.6709,0.016874
4.6758,0.016875
4.6806,0.016878
4.6855,0.016883
4.6904,0.016891
4.6953,0.016901
4.7001,0.016913
4.705,0.016928
4.7099,0.016945
4.7148,0.016964
4.7196,0.016985
4.7245,0.017008
4.7294,0.017033
4.7343,0.017059
4.7392,0.017086
4.744,0.017114
4.7489,0.017143
4.7538,0.017172
4.7587,0.017202
4.7635,0.017232
4.7684,0.017261
4.7733,0.01729
4.7782,0.017318
4.783,0.017346
4.7879,0.017372
4.7928,0.017397
4.7977,0.01742
4.8025,0.017442
4.8074,0.017462
4.8123,0.01748
4.8172,0.017495
4.822,0.017509
4.8269,0.017521
4.8318,0.017531
4.8367,0.017538
4.8415,0.017544
4.8464,0.017547
4.8513,0.017548
4.8562,0.017548
4.861,0.017546
4.8659,0.017543
4.8708,0.017538
4.8757,0.017532
4.8805,0.017525
4.8854,0.017517
4.8903,0.017509
4.8952,0.0175
4.9,0.017491
4.9049,0.017483
4.9098,0.017474
4.9147,0.017467
4.9196,0.01746
4.9244,0.017454
4.9293,0.017448
4.9342,0.017445
4.9391,0.017442
4.9439,0.017442
4.9488,0.017443
4.9537,0.017445
4.9586,0.01745
4.9634,0.017456
4.9683,0.017464
4.9732,0.017474
4.9781,0.017486
4.9829,0.0175
4.9878,0.017515
4.9927,0.017533
4.9976,0.017551
5.0024,0.017571
5.0073,0.017593
5.0122,0.017615
5.0171,0.017639
5.0219,0.017663
5.0268,0.017688
5.0317,0.017713
5.0366,0.017739
5.0414,0.017764
5.0463,0.01779
5.0512,0.017815
5.0561,0.017839
5.0609,0.017863
5.0658,0.017886
5.0707,0.017907
5.0756,0.017928
5.0804,0.017947
5.0853,0.017965
5.0902,0.017982
5.0951,0.017996
5.1,0.01801
5.1048,0.018021
5.1097,0.018031
5.1146,0.018039
5.1195,0.018046
5.1243,0.018051
5.1292,0.018055
5.1341,0.018057
5.139,0.018058
5.1438,0.018057
5.1487,0.018056
5.1536,0.018054
5.1585,0.018051
5.1633,0.018047
5.1682,0.018043
5.1731,0.018038
5.178,0.018034
5.1828,0.018029
5.1877,0.018025
5.1926,0.018021
5.1975,0.018018
5.2023,0.018016
5.2072,0.018014
5.2121,0.018014
5.217,0.018014
5.2218,0.018016
5.2267,0.018019
5.2316,0.018023
5.2365,0.018029
5.2413,0.018036
5.2462,0.018045
5.2511,0.018055
5.256,0.018066
5.2608,0.018079
5.2657,0.018094
5.2706,0.01811
5.2755,0.018126
5.2804,0.018145
5.2852,0.018164
5.2901,0.018184
5.295,0.018204
5.2999,0.018226
5.3047,0.018247
5.3096,0.01827
5.3145,0.018292
5.3194,0.018314
5.3242,0.018336
5.3291,0.018358
5.334,0.01838
5.3389,0.018401
5.3437,0.018421
5.3486,0.01844
5.3535,0.018459
5.3584,0.018477
5.3632,0.018493
5.3681,0.018508
5.373,0.018522
5.3779,0.018535
5.3827,0.018547
5.3876,0.018557
5.3925,0.018566
5.3974,0.018573
5.4022,0.01858
5.4071,0.018585
5.412,0.018589
5.4169,0.018592
5.4217,0.018594
5.4266,0.018596
5.4315,0.018596
5.4364,0.018596
5.4412,0.018596
5.4461,0.018595
5.451,0.018594
5.4559,0.018593
5.4608,0.018592
5.4656,0.018591
5.4705,0.01859
5.4754,0.01859
5.4803,0.018591
5.4851,0.018592
5.49,0.018594
5.4949,0.018597
5.4998,0.0186
5.5046,0.018605
5.5095,0.018611
5.5144,0.018618
5.5193,0.018626
5.5241,0.018635
5.529,0.018645
5.5339,0.018657
5.5388,0.018669
5.5436,0.018683
5.5485,0.018697
5.5534,0.018713
5.5583,0.01873
5.5631,0.018747
5.568,0.018765
5.5729,0.018783
5.5778,0.018802
5.5826,0.018822
5.5875,0.018842
5.5924,0.018862
5.5973,0.018881
5.6021,0.018901
5.607,0.018921
5.6119,0.01894
5.6168,0.018959
5.6216,0.018977
5.6265,0.018995
5.6314,0.019012
5.6363,0.019028
5.6412,0.019044
5.646,0.019058
5.6509,0.019072
5.6558,0.019084
5.6607,0.019096
5.6655,0.019106
5.6704,0.019115
5.6753,0.019124
5.6802,0.019132
5.685,0.019138
5.6899,0.019144
5.6948,0.019149
5.6997,0.019153
5.7045,0.019157
5.7094,0.01916
5.7143,0.019162
5.7192,0.019164
5.724,0.019166
5.7289,0.019168
5.7338,0.019169
5.7387,0.019171
5.7435,0.019173
5.7484,0.019175
5.7533,0.019177
5.7582,0.01918
5.763,0.019183
5.7679,0.019187
5.7728,0.019192
5.7777,0.019197
5.7825,0.019203
5.7874,0.01921
5.7923,0.019218
5.7972,0.019227
5.802,0.019237
5.8069,0.019247
5.8118,0.019259
5.8167,0.019271
5.8216,0.019284
5.8264,0.019298
5.8313,0.019313
5.8362,0.019328
5.8411,0.019344
5.8459,0.019361
5.8508,0.019378
5.8557,0.019395
5.8606,0.019413
5.8654,0.019431
5.8703,0.019449
5.8752,0.019467
5.8801,0.019485
5.8849,0.019503
5.8898,0.01952
5.8947,0.019538
5.8996,0.019554
5.9044,0.019571
5.9093,0.019587
5.9142,0.019602
5.9191,0.019616
5.9239,0.01963
5.9288,0.019643
5.9337,0.019656
5.9386,0.019667
5.9434,0.019678
5.9483,0.019688
5.9532,0.019697
5.9581,0.019706
5.9629,0.019714
5.9678,0.019721
5.9727,0.019727
5.9776,0.019733
5.9824,0.019738
5.9873,0.019743
5.9922,0.019748
5.9971,0.019752
6.002,0.019756
6.0068,0.01976
6.0117,0.019764
6.0166,0.019768
6.0215,0.019772
6.0263,0.019776
6.0312,0.01978
6.0361,0.019785
6.041,0.01979
6.0458,0.019796
6.0507,0.019802
6.0556,0.019809
6.0605,0.019816
6.0653,0.019824
6.0702,0.019833
6.0751,0.019842
6.08,0.019852
6.0848,0.019863
6.0897,0.019874
6.0946,0.019886
6.0995,0.019899
6.1043,0.019913
6.1092,0.019927
6.1141,0.019941
6.119,0.019956
6.1238,0.019972
6.1287,0.019988
6.1336,0.020004
6.1385,0.02002
6.1433,0.020037
6.1482,0.020054
6.1531,0.02007
6.158,0.020087
6.1628,0.020104
6.1677,0.02012
6.1726,0.020136
6.1775,0.020152
6.1824,0.020168
6.1872,0.020183
6.1921,0.020197
6.197,0.020211
6.2019,0.020225
6.2067,0.020237
6.2116,0.02025
6.2165,0.020261
6.2214,0.020273
6.2262,0.020283
6.2311,0.020293
6.236,0.020302
6.2409,0.020311
6.2457,0.020319
6.2506,0.020327
6.2555,0.020334
6.2604,0.020341
6.2652,0.020347
6.2701,0.020354
6.275,0.02036
6.2799,0.020365
6.2847,0.020371
6.2896,0.020377
6.2945,0.020382
6.2994,0.020388
6.3042,0.020394
6.3091,0.0204
6.314,0.020406
6.3189,0.020413
6.3237,0.02042
6.3286,0.020427
6.3335,0.020435
6.3384,0.020444
6.3432,0.020453
6.3481,0.020462
6.353,0.020472
6.3579,0.020482
6.3627,0.020493
6.3676,0.020505
6.3725,0.020517
6.3774,0.02053
6.3823,0.020543
6.3871,0.020557
6.392,0.020571
6.3969,0.020585
6.4018,0.0206
6.4066,0.020615
6.4115,0.02063
6.4164,0.020646
6.4213,0.020662
6.4261,0.020677
6.431,0.020693
6.4359,0.020709
6.4408,0.020724
6.4456,0.02074
6.4505,0.020755
6.4554,0.02077
6.4603,0.020785
6.4651,0.0208
6.47,0.020814
6.4749,0.020827
6.4798,0.020841
6.4846,0.020853
6.4895,0.020866
6.4944,0.020878
6.4993,0.020889
6.5041,0.0209
6.509,0.02091
6.5139,0.02092
6.5188,0.02093
6.5236,0.020939
6.5285,0.020948
6.5334,0.020956
6.5383,0.020964
6.5431,0.020972
6.548,0.02098
6.5529,0.020987
6.5578,0.020994
6.5627,0.021001
6.5675,0.021009
6.5724,0.021016
6.5773,0.021023
6.5822,0.02103
6.587,0.021038
6.5919,0.021045
6.5968,0.021053
6.6017,0.021061
6.6065,0.02107
6.6114,0.021079
6.6163,0.021088
6.6212,0.021098
6.626,0.021108
6.6309,0.021118
6.6358,0.021129
6.6407,0.021141
6.6455,0.021152
6.6504,0.021165
6.6553,0.021177
6.6602,0.02119
6.665,0.021204
6.6699,0.021217
6.6748,0.021231
6.6797,0.021246
6.6845,0.02126
6.6894,0.021275
6.6943,0.02129
6.6992,0.021305
6.704,0.02132
6.7089,0.021335
6.7138,0.02135
6.7187,0.021365
6.7235,0.02138
6.7284,0.021395
6.7333,0.021409
6.7382,0.021424
6.7431,0.021438
6.7479,0.021452
6.7528,0.021465
6.7577,0.021478
6.7626,0.021491
6.7674,0.021504
6.7723,0.021516
6.7772,0.021527
6.7821,0.021539
6.7869,0.02155
6.7918,0.02156
6.7967,0.021571
6.8016,0.02158
6.8064,0.02159
6.8113,0.021599
6.8162,0.021609
6.8211,0.021618
6.8259,0.021626
6.8308,0.021635
6.8357,0.021643
6.8406,0.021652
6.8454,0.02166
6.8503,0.021668
6.8552,0.021677
6.8601,0.021685
6.8649,0.021694
6.8698,0.021703
6.8747,0.021712
6.8796,0.021721
6.8844,0.021731
6.8893,0.02174
6.8942,0.02175
6.8991,0.021761
6.9039,0.021771
6.9088,0.021782
6.9137,0.021794
6.9186,0.021806
6.9235,0.021818
6.9283,0.02183
6.9332,0.021843
6.9381,0.021856
6.943,0.021869
6.9478,0.021882
6.9527,0.021896
6.9576,0.02191
6.9625,0.021924
6.9673,0.021939
6.9722,0.021953
6.9771,0.021968
6.982,0.021982
6.9868,0.021997
6.9917,0.022012
6.9966,0.022026
7.0015,0.022041
7.0063,0.022055
7.0112,0.02207
7.0161,0.022084
7.021,0.022097
7.0258,0.022111
7.0307,0.022125
7.0356,0.022138
7.0405,0.022151
7.0453,0.022163
7.0502,0.022176
7.0551,0.022188
7.06,0.022199
7.0648,0.022211
7.0697,0.022222
7.0746,0.022233
7.0795,0.022244
7.0843,0.022254
7.0892,0.022264
7.0941,0.022274
7.099,0.022284
7.1039,0.022294
7.1087,0.022303
7.1136,0.022313
7.1185,0.022322
7.1234,0.022332
7.1282,0.022341
7.1331,0.022351
7.138,0.02236
7.1429,0.02237
7.1477,0.02238
7.1526,0.02239
7.1575,0.0224
7.1624,0.02241
7.1672,0.022421
7.1721,0.022431
7.177,0.022442
7.1819,0.022454
7.1867,0.022465
7.1916,0.022477
7.1965,0.022489
7.2014,0.022501
7.2062,0.022514
7.2111,0.022527
7.216,0.02254
7.2209,0.022553
7.2257,0.022567
7.2306,0.02258
7.2355,0.022594
7.2404,0.022608
7.2452,0.022622
7.2501,0.022637
7.255,0.022651
7.2599,0.022665
7.2647,0.02268
7.2696,0.022694
7.2745,0.022709
7.2794,0.022723
7.2843,0.022737
7.2891,0.022751
7.294,0.022765
7.2989,0.022779
7.3038,0.022793
7.3086,0.022806
7.3135,0.022819
7.3184,0.022832
7.3233,0.022845
7.3281,0.022858
7.333,0.02287
7.3379,0.022882
7.3428,0.022894
7.3476,0.022906
7.3525,0.022917
7.3574,0.022929
7.3623,0.02294
7.3671,0.022951
7.372,0.022962
7.3769,0.022972
7.3818,0.022983
7.3866,0.022993
7.3915,0.023004
7.3964,0.023014
7.4013,0.023025
7.4061,0.023035
7.411,0.023045
7.4159,0.023056
7.4208,0.023066
7.4256,0.023077
7.4305,0.023088
7.4354,0.023099
7.4403,0.02311
7.4451,0.023121
7.45,0.023132
7.4549,0.023144
7.4598,0.023156
7.4647,0.023168
7.4695,0.02318
7.4744,0.023192
7.4793,0.023205
7.4842,0.023218
7.489,0.023231
7.4939,0.023244
7.4988,0.023257
7.5037,0.023271
7.5085,0.023285
7.5134,0.023299
7.5183,0.023313
7.5232,0.023327
7.528,0.023341
7.5329,0.023355
7.5378,0.023369
7.5427,0.023384
7.5475,0.023398
7.5524,0.023412
7.5573,0.023426
7.5622,0.023441
7.567,0.023455
7.5719,0.023469
7.5768,0.023482
7.5817,0.023496
7.5865,0.02351
7.5914,0.023523
7.5963,0.023536
7.6012,0.023549
7.606,0.023562
7.6109,0.023575
7.6158,0.023588
7.6207,0.0236
7.6255,0.023612
7.6304,0.023624
7.6353,0.023636
7.6402,0.023648
7.6451,0.02366
7.6499,0.023671
7.6548,0.023683
7.6597,0.023694
7.6646,0.023705
7.6694,0.023717
7.6743,0.023728
7.6792,0.023739
7.6841,0.02375
7.6889,0.023761
7.6938,0.023773
7.6987,0.023784
7.7036,0.023795
7.7084,0.023807
7.7133,0.023818
7.7182,0.02383
7.7231,0.023842
7.7279,0.023854
7.7328,0.023866
7.7377,0.023878
7.7426,0.023891
7.7474,0.023903
7.7523,0.023916
7.7572,0.023929
7.7621,0.023942
7.7669,0.023956
7.7718,0.023969
7.7767,0.023983
7.7816,0.023996
7.7864,0.02401
7.7913,0.024024
7.7962,0.024038
7.8011,0.024052
7.8059,0.024067
7.8108,0.024081
7.8157,0.024095
7.8206,0.024109
7.8255,0.024124
7.8303,0.024138
7.8352,0.024152
7.8401,0.024166
7.845,0.02418
7.8498,0.024195
7.8547,0.024208
7.8596,0.024222
7.8645,0.024236
7.8693,0.02425
7.8742,0.024263
7.8791,0.024277
7.884,0.02429
7.8888,0.024303
7.8937,0.024316
7.8986,0.024329
7.9035,0.024342
7.9083,0.024354
7.9132,0.024367
7.9181,0.024379
7.923,0.024391
7.9278,0.024403
7.9327,0.024416
7.9376,0.024428
7.9425,0.02444
7.9473,0.024452
7.9522,0.024463
7.9571,0.024475
7.962,0.024487
7.9668,0.024499
7.9717,0.024511
7.9766,0.024523
7.9815,0.024535
7.9863,0.024547
7.9912,0.02456
7.9961,0.024572
8.001,0.024585
8.0059,0.024597
8.0107,0.02461
8.0156,0.024623
8.0205,0.024636
8.0254,0.024649
8.0302,0.024662
8.0351,0.024675
8.04,0.024689
8.0449,0.024702
8.0497,0.024716
8.0546,0.02473
8.0595,0.024744
8.0644,0.024758
8.0692,0.024772
8.0741,0.024786
8.079,0.0248
8.0839,0.024814
8.0887,0.024829
8.0936,0.024843
8.0985,0.024858
8.1034,0.024872
8.1082,0.024886
8.1131,0.024901
8.118,0.024915
8.1229,0.024929
8.1277,0.024944
8.1326,0.024958
8.1375,0.024972
8.1424,0.024986
8.1472,0.025
8.1521,0.025013
8.157,0.025027
8.1619,0.025041
8.1667,0.025054
8.1716,0.025068
8.1765,0.025081
8.1814,0.025094
8.1863,0.025107
8.1911,0.02512
8.196,0.025133
8.2009,0.025146
8.2058,0.025159
8.2106,0.025172
8.2155,0.025184
8.2204,0.025197
8.2253,0.02521
8.2301,0.025222
8.235,0.025235
8.2399,0.025247
8.2448,0.02526
8.2496,0.025273
8.2545,0.025285
8.2594,0.025298
8.2643,0.025311
8.2691,0.025324
8.274,0.025337
8.2789,0.02535
8.2838,0.025363
8.2886,0.025376
8.2935,0.025389
8.2984,0.025403
8.3033,0.025416
8.3081,0.02543
8.313,0.025443
8.3179,0.025457
8.3228,0.025471
8.3276,0.025485
8.3325,0.025499
8.3374,0.025513
8.3423,0.025528
8.3471,0.025542
8.352,0.025556
8.3569,0.025571
8.3618,0.025585
8.3667,0.0256
8.3715,0.025614
8.3764,0.025629
8.3813,0.025644
8.3862,0.025658
8.391,0.025673
8.3959,0.025687
8.4008,0.025702
8.4057,0.025716
8.4105,0.025731
8.4154,0.025745
8.4203,0.025759
8.4252,0.025773
8.43,0.025788
8.4349,0.025802
8.4398,0.025816
8.4447,0.02583
8.4495,0.025843
8.4544,0.025857
8.4593,0.025871
8.4642,0.025884
8.469,0.025898
8.4739,0.025911
8.4788,0.025925
8.4837,0.025938
8.4885,0.025952
8.4934,0.025965
8.4983,0.025978
8.5032,0.025991
8.508,0.026005
8.5129,0.026018
8.5178,0.026031
8.5227,0.026044
8.5275,0.026057
8.5324,0.026071
8.5373,0.026084
8.5422,0.026097
8.5471,0.026111
8.5519,0.026124
8.5568,0.026138
8.5617,0.026152
8.5666,0.026165
8.5714,0.026179
8.5763,0.026193
8.5812,0.026207
8.5861,0.026221
8.5909,0.026235
8.5958,0.026249
8.6007,0.026263
8.6056,0.026278
8.6104,0.026292
8.6153,0.026307
8.6202,0.026321
8.6251,0.026336
8.6299,0.026351
8.6348,0.026365
8.6397,0.02638
8.6446,0.026395
8.6494,0.02641
8.6543,0.026424
8.6592,0.026439
8.6641,0.026454
8.6689,0.026469
8.6738,0.026484
8.6787,0.026498
8.6836,0.026513
8.6884,0.026528
8.6933,0.026543
8.6982,0.026557
8.7031,0.026572
8.7079,0.026586
8.7128,0.026601
8.7177,0.026615
8.7226,0.026629
8.7275,0.026644
8.7323,0.026658
8.7372,0.026672
8.7421,0.026686
8.747,0.0267
8.7518,0.026714
8.7567,0.026728
8.7616,0.026742
8.7665,0.026756
8.7713,0.02677
8.7762,0.026784
8.7811,0.026797
8.786,0.026811
8.7908,0.026825
8.7957,0.026839
8.8006,0.026853
8.8055,0.026866
8.8103,0.02688
8.8152,0.026894
8.8201,0.026908
8.825,0.026922
8.8298,0.026936
8.8347,0.02695
8.8396,0.026964
8.8445,0.026979
8.8493,0.026993
8.8542,0.027007
8.8591,0.027022
8.864,0.027036
8.8688,0.027051
8.8737,0.027065
8.8786,0.02708
8.8835,0.027095
8.8883,0.027109
8.8932,0.027124
8.8981,0.027139
8.903,0.027154
8.9078,0.027169
8.9127,0.027184
8.9176,0.027199
8.9225,0.027214
8.9274,0.027229
8.9322,0.027245
8.9371,0.02726
8.942,0.027275
8.9469,0.02729
8.9517,0.027305
8.9566,0.02732
8.9615,0.027335
8.9664,0.02735
8.9712,0.027365
8.9761,0.02738
8.981,0.027395
8.9859,0.02741
8.9907,0.027425
8.9956,0.02744
9.0005,0.027454
9.0054,0.027469
9.0102,0.027484
9.0151,0.027498
9.02,0.027513
9.0249,0.027528
9.0297,0.027542
9.0346,0.027557
9.0395,0.027571
9.0444,0.027585
9.0492,0.0276
9.0541,0.027614
9.059,0.027629
9.0639,0.027643
9.0687,0.027657
9.0736,0.027672
9.0785,0.027686
9.0834,0.027701
9.0882,0.027715
9.0931,0.027729
9.098,0.027744
9.1029,0.027758
9.1078,0.027773
9.1126,0.027788
9.1175,0.027802
9.1224,0.027817
9.1273,0.027832
9.1321,0.027847
9.137,0.027861
9.1419,0.027876
9.1468,0.027891
9.1516,0.027906
9.1565,0.027922
9.1614,0.027937
9.1663,0.027952
9.1711,0.027967
9.176,0.027982
9.1809,0.027998
9.1858,0.028013
9.1906,0.028028
9.1955,0.028044
9.2004,0.028059
9.2053,0.028075
9.2101,0.02809
9.215,0.028106
9.2199,0.028121
9.2248,0.028136
9.2296,0.028152
9.2345,0.028167
9.2394,0.028183
9.2443,0.028198
9.2491,0.028214
9.254,0.028229
9.2589,0.028244
9.2638,0.02826
9.2686,0.028275
9.2735,0.02829
9.2784,0.028305
9.2833,0.028321
9.2882,0.028336
9.293,0.028351
9.2979,0.028366
9.3028,0.028381
9.3077,0.028396
9.3125,0.028411
9.3174,0.028426
9.3223,0.028441
9.3272,0.028456
9.332,0.028471
9.3369,0.028486
9.3418,0.028501
9.3467,0.028516
9.3515,0.028531
9.3564,0.028545
9.3613,0.02856
9.3662,0.028575
9.371,0.02859
9.3759,0.028605
9.3808,0.028621
9.3857,0.028636
9.3905,0.028651
9.3954,0.028666
9.4003,0.028681
9.4052,0.028696
9.41,0.028712
9.4149,0.028727
9.4198,0.028742
9.4247,0.028758
9.4295,0.028773
9.4344,0.028789
9.4393,0.028804
9.4442,0.02882
9.449,0.028836
9.4539,0.028851
9.4588,0.028867
9.4637,0.028883
9.4686,0.028899
9.4734,0.028914
9.4783,0.02893
9.4832,0.028946
9.4881,0.028962
9.4929,0.028978
9.4978,0.028994
9.5027,0.029009
9.5076,0.029025
9.5124,0.029041
9.5173,0.029057
9.5222,0.029073
9.5271,0.029089
9.5319,0.029104
9.5368,0.02912
9.5417,0.029136
9.5466,0.029152
9.5514,0.029167
9.5563,0.029183
9.5612,0.029199
9.5661,0.029214
9.5709,0.02923
9.5758,0.029245
9.5807,0.029261
9.5856,0.029276
9.5904,0.029292
9.5953,0.029308
9.6002,0.029323
9.6051,0.029339
9.6099,0.029354
9.6148,0.029369
9.6197,0.029385
9.6246,0.0294
9.6294,0.029416
9.6343,0.029431
9.6392,0.029447
9.6441,0.029462
9.649,0.029478
9.6538,0.029494
9.6587,0.029509
9.6636,0.029525
9.6685,0.029541
9.6733,0.029556
9.6782,0.029572
9.6831,0.029588
9.688,0.029604
9.6928,0.029619
9.6977,0.029635
9.7026,0.029651
9.7075,0.029667
9.7123,0.029683
9.7172,0.029699
9.7221,0.029715
9.727,0.029731
9.7318,0.029747
9.7367,0.029763
9.7416,0.02978
9.7465,0.029796
9.7513,0.029812
9.7562,0.029828
9.7611,0.029844
9.766,0.029861
9.7708,0.029877
9.7757,0.029893
9.7806,0.029909
9.7855,0.029926
9.7903,0.029942
9.7952,0.029958
9.8001,0.029975
9.805,0.029991
9.8098,0.030007
9.8147,0.030023
9.8196,0.030039
9.8245,0.030056
9.8294,0.030072
9.8342,0.030088
9.8391,0.030104
9.844,0.03012
9.8489,0.030136
9.8537,0.030152
9.8586,0.030168
9.8635,0.030185
9.8684,0.030201
9.8732,0.030217
9.8781,0.030233
9.883,0.030249
9.8879,0.030265
9.8927,0.030281
9.8976,0.030297
9.9025,0.030313
9.9074,0.030329
9.9122,0.030345
9.9171,0.030361
9.922,0.030377
9.9269,0.030393
9.9317,0.030409
9.9366,0.030425
9.9415,0.030442
9.9464,0.030458
9.9512,0.030474
9.9561,0.03049
9.961,0.030506
9.9659,0.030523
9.9707,0.030539
9.9756,0.030555
9.9805,0.030572
9.9854,0.030588
9.9902,0.030605
9.9951,0.030621
10,0.030638
